acronym	title	location
AIBD 2020	International Conference on Artificial Intelligence and Big Data	Copenhagen, Denmark
CBIoT  2020	International Conference on Cloud, Big Data and IoT	Vancouver, Canada
MLT 2020	International Conference on Machine Learning & Trends 	Vancouver, Canada
IJDKP 2020	International Journal of Data Mining & Knowledge Management Process	N/A
BDAB 2020	International Conference on Big Data and Blockchain	Copenhagen, Denmark
BDML 2020	International Conference on Big Data and Machine Learning 	London, United Kingdom
IJU 2020	International Journal of Ubiquitous Computing	N/A
DMDB  2020	7th International Conference on Data Mining and  Database	Sydney, Australia
SEBD 2020	28th Symposium on Advanced Database Systems	Villasimius (Sardinia) Italy
DSDE--Ei Compendex and Scopus 2020	2020 The 3rd International Conference on Data Storage and Data Engineering (DSDE 2020)--Scopus, Ei Compendex	Barcelona, Spain
AIBC--Ei and Scopus 2020	2020 International Artificial Intelligence and Blockchain Conference (AIBC 2020)--Ei Compendex and Scopus	Nagoya, Japan
KDBD 2020	The 2nd International Workshop on Knowledge Discovery for Big Data	Calgary, Canada
DEEP-BDB   2020	The 2nd International Conference on Deep Learning, Big Data and Blockchain	Rome, Italy
DSM 2020	FIRST INTERNATIONAL SUMMER SCHOOL ON DATA SCIENCE FOR MOBILITY	Santorini, Greece
IEEE DSC 2020	5th IEEE International Conference on Data Science in Cyberspace 	Hong Kong, China
IJDMS  2020	International Journal of Database Management Systems	N/A
InWeS 2020	11th International Conference on Internet Engineering & Web Services	Sydney, Australia
CSEE 2020	The International Conference on Computer Science, Engineering and Education 2020	Barcelona, Spain
ODRE 2020	International Workshop on Open Distributed Real-time Embedded Systems	Nashville, Tennessee
ACM--BDE--Ei and Scopus 2020	ACM--2020 2nd International Conference on Big Data Engineering (BDE 2020)--Ei Compendex, Scopus	Shanghai, China
AIBT--Scopus, Ei Compendex 2020	2020 International Conference on Artificial Intelligence and Blockchain Technology (AIBT 2020)--Scopus, Ei Compendex	Beijing, China
ICEEG--EI, Scopus 2020	2020 The 4th International Conference on E-commerce, E-Business and E-Government (ICEEG 2020)--EI Compendex, Scopus	Paris, France
ICISDM--ACM, Ei and Scopus 2020	ACM--2020 4th International Conference on Information System and Data Mining (ICISDM 2020)--EI Compendex, Scopus	Hawaii, USA
ICPAM--Ei Compendex and Scopus 2020	2020 9th International Conference on Pure and Applied Mathematics (ICPAM 2020)--EI Compendex, SCOPUS	Athens, Greece
ACM--ICBDM--Ei Compendex & Scopus 2020	ACM--2020 International Conference on Big Data in Management (ICBDM 2020)--Ei Compendex & Scopus	Manchester, UK
ICEEI--EI Compendex, Scopus 2020	2020 2nd International Conference on Engineering Education and Innovation (ICEEI 2020)--Ei Compendex, Scopus	Compiègne, France
DASPA 2020	The International Workshop on Data Stream Processing and Applications 	University of Cagliari, Italy
JCC-BD&ET 2020	8th Conference on Cloud Computing, Big Data & Emerging Topics (proceedings published by Springer CCIS)	La Plata, Bs As, Argentina
WBDE--JA, Scopus, EI (INSPEC, IET) 2020	2020 Workshop on Big Data Engineering (WBDE 2020)--JA, Scopus, EI (INSPEC, IET)	Da Nang, Vietnam
ICFIT--EI Compendex, Scopus 2020	2020 9th International Conference on Frontiers of Information Technology (ICFIT 2020)--EI Compendex, Scopus	Lyon, France
ICAISE--Ei and Scopus 2020	2020 The 2nd International Conference on Advanced Information Systems and Engineering (ICAISE 2020)--Ei compendex, scopus	Cairo, Egypt
ICDM 2020	Call for Short&Industry Papers / 20th Industrial Conference on Data Mining ICDM 2020	New York, USA
IEEE SmartSys 2020	5th IEEE Workshop on Smart Service Systems (SmartSys)	Bologna, Italy
ICBDC--ACM, Ei and Scopus 2020	ACM--2020 5th International Conference on Big Data and Computing (ICBDC 2020)--Ei Compendex, Scopus	Chengdu, China
AI ML Big Data Vision 2020	IEEE COINS  | Artificial Intelligence | Machine Learning | Deep Learning | Machine Vision | Big Data Analytics | Video Analytics | Speech Recognition | NLP 	Barcelona, Spain
ICAIBD--IEEE, Ei and Scopus 2020	IEEE--2020 3rd International Conference on Artificial Intelligence and Big Data (ICAIBD 2020)--Ei Compendex, Scopus	Chengdu, China
IoTHealthcare 2020	IEEE COINS | IoT , AI, and Big Data for Healthcare Track	Barcelona, Spain
IEEE COINS 2020	 Internet of Things IoT | Artificial Intelligence | Machine Learning | Big Data | Blockchain | Edge & Cloud Computing | Security | Embedded Systems | Circuit and Systems | WSN | 5G	Barcelona, Spain
ACM--BIOTC--Ei and Scopus 2020	ACM--2020 2nd Blockchain and Internet of Things Conference (BIOTC 2020)--Ei Compendex, Scopus	Singapore
SiMLA 2020	2nd Workshop of Security in Machine Learning and its Applications	Rome, Italy
MLVis 2020	International Workshop on Machine Learning in Visualisation for Big Data 2020	Norrköping, Sweden
Data Science  2020	3nd Annual International Great Lakes Data Science Symposium	Erie, PA
AIOTT--ACM, Ei, Scopus 2020	ACM--2020 2nd Asia IoT Technologies Conference (AIOTT 2020)--EI Compendex, Scopus	Bangkok, Thailand
MIBDATACYBER 2020	CFC SPRINGER BOOK: MACHINE INTELLIGENCE AND BIG DATA ANALYTICS FOR CYBERSECURITY APPLICATIONS	N/A
ACM-DSIT 2020-Ei/Scopus 2020	2020 3rd International Conference on Data Science and Information Technology (DSIT 2020)	Melbourne, Australia
IWENC 2020	The Second International Workshop on Emerging Networks and Communications	Leuven, Belgium
IEEE-IIB 2020	IEEE-IIB: Call for PhD thesis abstracts	N/A
ACM-DMBD 2020-Ei/Scopus 2020	2020 3rd International Conference on Data Mining and Big Data (DMBD 2020)	Melbourne, Australia
ICBDB 2020	2020 2nd International Conference on Big Data and Blockchain(ICBDB 2020) 	Newcastle upon Tyne, UK
ACM-WCBD-Ei/Scopus 2020	2020 International Conference on Wireless Communication and Big Data  (WCBD 2020)	 Sanya, China
DATA 2020	9th International Conference on Data Science, Technology and Applications	Lieusaint - Paris, France
DeLTA 2020	1st International Conference on Deep Learning Theory and Applications	Lieusaint - Paris, France
BDAI--Ei and Scopus 2020	2020 3rd International Conference on Big Data and Artificial Intelligence (BDAI 2020)--EI Compendex, Scopus	Ocean University of China, Qingdao,China
ACM--HPCCT--EI Compendex, Scopus 2020	ACM--2020 4th High Performance Computing and Cluster Technologies Conference (HPCCT 2020)--EI Compendex, Scopus	Ocean University of China, Qingdao,China
ICICM--Ei Compendex & Scopus 2020	2020 10th International Conference on Information Communication and Management (ICICM 2020)--EI Compendex, Scopus	Paris, France
ACM--BDIOT--Ei and Scopus 2020	ACM--2020 the 4th International Conference on Big Data and Internet of Things (BDIOT 2020)--Ei compendex, scopus	Singapore
ICCBD--EI and Scopus 2020	2020 the 3rd International Conference on Computing and Big Data (ICCBD 2020)--EI Compendex, Scopus	aichung Software Park, Taichung, Taiwan
ICITS--EI Compendex, SCOPUS 2020	2020 The 8th International Conference on Information Technology and Science (ICITS 2020)--Scopus, Ei Compendex	Shanghai, China
WCSE--Ei and Scopus 2020	2020 the 10th International Workshop on Computer Science and Engineering (WCSE 2020)--Scopus, Ei Compendex	Shanghai, China
ICICSE--ACM, Ei, Scopus 2020	ACM--2020 International Conference on Internet Computing for Science and Engineering (ICICSE 2020)--Ei Compendex, Scopus	Maldives
CCIW 2020	2nd Workshop on Converged Computing Infrastructure	Stockholm, Sweden
ACM--ICCBDC--Ei and Scopus 2020	ACM--2020 4th International Conference on Cloud and Big Data Computing (ICCBDC 2020)--Ei Compendex, Scopus	Liverpool, United Kingdom
ICDPA--Scopus, Ei Compendex 2020	2020 6th International Conference on Data Processing and Applications (ICDPA 2020)--Scopus, Ei Compendex	Shanghai, China
EAI ADHIP 2020	ADHIP 2020 - 4th EAI International Conference on Advanced Hybrid Information Processing	Binzhou, People's Republic of China
DATA ANALYTICS 2020	The Ninth International Conference on Data Analytics	Nice, France
ICIME--SCOPUS, Ei 2020	2020 12th International Conference on Information Management and Engineering (ICIME 2020)--Ei Compendex, Scopus	Amsterdam, the Netherlands
BDDLIT 2020	Special session on Big data and Deep Learning for Intelligent Transportation (AISI2020), Springer	Cairo, Egypt
ITAS--EI Compendex, Scopus 2020	2020 Information Technology & Applications Symposium (ITAS 2020)--EI Compendex, Scopus	Xi'an, China
ICBDM--EI Compendex and Scopus 2020	2020 the 3rd International Conference on Big Data Management (ICBDM 2020)--SCOPUS, Ei Compendex	Shenzhen, China
CCBD--Ei Compendex & Scopus 2020	2020 The 8th International Conference on Cloud Computing and Big Data (CCBD 2020)--Ei Compendex & Scopus	Xi'an, China
Big Data & AI 2020	The 8th International Workshop on Big Data and Artificial Intelligence, 2020	Chongqing, China
CCIOT--ACM, EI Compendex, Scopus 2020	ACM--2020 5th International Conference on Cloud Computing and Internet of Things (CCIOT 2020)--Ei Compendex, Scopus	University of Ryukyu, Okinawa, Japan
ICENT--EI, Scopus 2020	2020 2nd International Conference on Emerging Networks Technologies (ICENT 2020)--Ei Compendex, Scopus	Okinawa, Japan
AI-BD-HS 2020	Artificial Intelligence and Big Data in Resources Poor Healthcare Systems (Springer Nature Book series)	N/A
SciSec 2020	The 3rd International Conference on Science of Cyber Security - SciSec 2020	Shanghai, China
ACM--ICBDT--EI, Scopus 2020	ACM--2020 3rd International Conference on Big Data Technologies (ICBDT 2020)--Scopus, EI Compendex	Qingdao, China
IDEAS 2020	IDEAS 2020 - 24th International Database Engineering & Applications Symposium	 Incheon
Call for Book Chapter 2020	 Deep Learning and Big Data for Intelligent Transportation: Enabling Technologies and Future Trends	N/A
EI/SCOPUS-ICVAT 2020	5th International Conference on Virtualization Application and Technology (ICVAT 2020)	Chengdu, China
INIT/AERFAI SSML 2020	INIT/AERFAI Summer School on Machine Learning	Benicàssim (Spain)
INIT/AERFAI SSML 2020	INIT/AERFAI Summer School on Machine Learning	Benicàssim (Spain)
IMMM 2020	The Tenth International Conference on Advances in Information Mining and Management	Rome, Italy
ACCSE 2020	The Fifth International Conference on Advances in Computation, Communications and Services	Rome, Italy
IN4PL 2020	Innovative Intelligent Industrial Production and Logistics	Budapest, Hungary
WITCOM  2020	The 9th International Congress of   Telematics & Computing	Puerto Vallarta, Jalisco, Mexico
BDL 2020	Workshop on BIG DATA & DEEP LEARNING in HIGH PERFORMANCE COMPUTING (IEEE Xplore)	Porto, Portugal
ACM--SPML--EI Compendex, Scopus 2020	ACM--2020 3rd International Conference on Signal Processing and Machine Learning (SPML 2020)--EI Compendex, Scopus	Beijing, China
EI-BDAI 2020	2020 International Conference on Industrial Applications of Big Data and Artificial Intelligence (BDAI 2020)	Shenzhen, China
EI/Scopus-WSCIS  2020	2020 International Workshop on Smart City and Intelligent Systems (WSCIS 2020)	Shenzhen, China
ICBICC 2020	2020 2nd International Conference on Big Data, IoT, and Cloud Computing (ICBICC 2020)	Tokyo, Japan
ISCNC 2020 - Ei Compendex & Scopus 2020	2020 2nd International Symposium on Computing, Networking and Communications(ISCNC 2020) 	Tokyo, Japan
MMBD 2020	EI/SSCI-2020 International Conference on Modern Management based on Big Data 	Bijing, China
eBISS 2020	10th European Big Data Management & Analytics Summer School 	Cesena
ICDM 2020	20th IEEE International Conference on Data Mining	Sorrento, Italy
IDEAL 2020	IDEAL 2020 : Intelligent Data Engineering and Automated Learning	Guimarães, Portugal
DMAH 2020	Sixth International Workshop on Data Management and Analytics for Medicine and Healthcare	Tokyo, Japan
IoTMonetization 2020	Special Issue (Q1 | IEEE IoT Journal): AI‐driven IoT Data Monetization: A Transition From “Value Islands” To “Value Ecosystems”	N/A
Edge-Fog-Cloud -IoT 2020	Special issue (Q1 journal: Elsevier Information System): Emerging Trends and Challenges in Edge-Fog-Cloud Interplay in the Internet of Things (IoT)	N/A
MEDES 2020	The 12th International Conference on Management of Digital EcoSystems	Abu Dhabi, UAE
WBDC 2020	2020 2nd International Workshop on Big Data and Computing(WBDC 2020) 	Newcastle upon Tyne, UK
ACM Transactions on Sensor Networks 2020	Special Issue on Computational Intelligence in the Internet of Things	N/A
BDTA 2020	10th EAI International Conference on Big Data Technologies and Applications	Wuhan, People's Republic of China
ICCIP--Ei Compendex and Scopus 2020	2020 6th International Conference on Communication and Information Processing (ICCIP 2020)--EI Compendex, Scopus	University of Tokyo, Tokyo, Japan
EAI BDCC 2020	BDCC 2020 - 3rd EAI International Conference on Big Data Innovation for Sustainable Cognitive Computing	Coimbatore, India
BDSIC--EI Compendex, Scopus 2020	2020 2nd International Conference on Big-data Service and Intelligent Computation (BDSIC 2020)--EI Compendex, Scopus	Xiamen University of Technology, Xiamen,
AICI 2021	The Second International Conference on Artificial Intelligence and Computational Intelligence (AICI 2021)	Hanoi, Vietnam
Big Data 2020	IEEE International Conference on Big Data	Atlanta, GA, USA
MESS 2020	Metaheuristics Summer School 2020 :: Learning & Optimization from Big Data	Catania, Italy
ICCCN 2020	International Conference on Computer Communications and Networks 	Honolulu, Hawaii, USA
ICDIS 2020	The 3rd International Conference on Data Intelligence and Security	South Padre Island, Texas, USA
IEEE ICCCBDA--Scopus and Ei 2020	2020 IEEE 5th International Conference on Cloud Computing and Big Data Analytics (IEEE ICCCBDA 2020)--Scopus and Ei Compendex	Chengdu, China
BIGML  2020	International conference on Big Data, Machine learning and Applications 	Vienna, Austria
ACM--ICGDA--Ei Compendex and Scopus 2020	ACM--2020 3rd International Conference on Geoinformatics and Data Analysis (ICGDA 2020)--EI Compendex, SCOPUS	Marseille, France
EI/SCOPUS-DIT 2020	2020 International Conference on Development of Internet of Things	Shanghai, China
MaSPECS 2020	Modeling and Simulation for Performance Evaluation of Computer-based Systems track of the 34th International ECMS Conference on Modelling and Simulation	"Wildau near Berlin, Germany	"
ISC 2020	18th Annual Industrial Simulation Conference	University College Dublin (UCD)
DATA 2020	AI and Big Data in Cancer: From Innovation to Impact	Boston, USA
ACDL 2020	3rd Advanced Course on Data Science & Machine Learning	Siena - Tuscany
bbuzz 2020	Berlin Buzzwords	Berlin, Germany
CBDCom 2020	The 6th IEEE International Conference on Cloud and Big Data Computing	Calgary, Canada
KES HCIS 2020	Real-time data processing in Industrial and IoT Applications	Split, Croatia
ETAB 2020	National Conference on Emerging Trends in AI and Big Data (ETAB-2020)	PICT, Pune, India
LOD 2020	The 6th International Conference on Machine Learning, Optimization & Data Science	Siena - Tuscany, Italy
DSIS 2020	 2nd ISSAT International Conference on Data Science and Intelligent Systems	Miami, Florida
BigData Conference 2020	2020 International Conference on Big Data Call for Papers- EI Compendex and Scopus	Honolulu, Hawaii, USA
SC-ML in IoT, BD and CPS 2020	Special Session on Soft Computing and Machine Learning in IoT, Big Data and Cyber Physical Systems	Burgos, Spain
Call for a CRC Press book chapter  2020	Big Data Analytics in Supply Chain Management: Theory and Applications	CRC Press (Taylor&Francis)
ACM--ICBDE--EI Compendex, Scopus 2020	ACM--2020 The 3rd International Conference on Big Data and Education (ICBDE 2020)--EI Compendex, Scopus	London, UK
Cognitive Computing 2020	Cognitive Computing with Big Data System over Secure Internet of Things	N/A
FEMIB 2020	2nd International Conference on Finance, Economics, Management and IT Business	Prague, Czech Republic
IoTBDS 2020	5th International Conference on Internet of Things, Big Data and Security	Prague, Czech Republic
 HCIS 2020	14th International Conference on Human-Centered Intelligent Systems (Formally known as IIMSS)	Split, Croatia
IEEE--ICIM--Ei Compendex, Scopus 2020	2020 the 6th International Conference on Information Management (ICIM 2020)--IEEE, Ei Compendex, Scopus	Imperial College London, London, UK
TempWeb 2020	The 10th Temporal Web Analytics Workshop 2020 (@ The Web Conference)	Taipei, Taiwan
IEEE ICALT 2020	20th IEEE International Conference on Advanced Learning Technologies	Tartu, Estonia
CloudTech 2020	The 5th International Conference on Cloud Computing  and Artificial Intelligence: Technologies and Applications	Marrakesh, Morocco
ICUIA 2020	The 2nd International Conference on Urban Intelligence and Applications	Taiyuan, China
CTCCC--Scopus and Ei 2020	2020 Communication Technologies and Cloud Computing Conference (CTCCC 2020)--Scopus and Ei Compendex	Cambridge University, UK
Flink Forward San Francisco 2020	Flink Forward San Francisco 2020	San Francisco
HPBD&IS 2020	The 2nd International Conference on High Performance Big Data and Intelligent Systems	Shenzhen, China
ICCDA--ACM, Ei, Scopus 2020	ACM--2020 The 4th International Conference on Compute and Data Analysis (ICCDA 2020)--Ei Compendex, Scopus	Silicon Valley, USA
ICDM 2020	20th Industrial Conference on Data Mining ICDM 2020	New York, USA
ICDM 2020	20th Industrial Conference on Data Mining ICDM 2020	New York, USA
ICDM 2020	20th Industrial Conference on Data Mining ICDM 2020	New York, USA
ACM--ICBCT--EI and Scopus 2020	ACM--2020 The 2nd International Conference on Blockchain Technology (ICBCT 2020)--EI Compendex and Scopus	Hilo, Hawaii, USA
DCPerf'20	DCPerf'20 Call For Papers	Beijing, China
MDM 2020	Master Data Management	Warsaw, Poland
IEEE--ICBDA--Ei Compendex and Scopus 2020	IEEE--2020 The 5th International Conference on Big Data Analytics (ICBDA 2020)--Ei Compendex, Scopus	Xiamen, China
BigVis 2020	3rd Intl.  Workshop on Big Data Visual Exploration and Analytics	Copenhagen, Denmark
Call for CRC Press Book Chapter 2020	Big Data Visualization: Recent Development and Challenges	United Kingdom
ITIOT--Ei, Scopus 2020	2020 The International Conference on Information Technology and Internet of Things (ITIOT 2020)--Ei Compendex, Scopus	Shanghai, China
IWSMAI 2020	Submission Deadline Extended [IWSMAI'20], International Workshop on Statistical Methods and Artificial Intelligence (IWSMAI 2020)	Warsaw, Poland
IEEE JCC 2020	IEEE INTERNATIONAL CONFERENCE ON JOINTCLOUD COMPUTING	OXFORD, UNITED KINGDOM
ICBDNT 2020	The 5th International Workshop on Big Data and Networks Technologies	Warsaw, Poland
DASFAA 2020	Database Systems for Advanced Applications	Seoguipo KAL Hotel, Jeju, Korea
IEEE BigDataService 2020	6th IEEE Intl. Conf. on Big Data Computing Services and Machine Learning Applications	Oxford, UK
BMDA 2020	Third International Workshop in Big Mobility Data Analytics 	Copenhagen
BDET--ACM, Ei Compendex and Scopus 2020	ACM--2020 2nd International Conference on Big Data Engineering and Technology (BDET 2020)--Ei Compendex, Scopus	Singapore
BigDataService 2020	6th IEEE Intl. Conf. on Big Data Computing Services and Machine Learning Applications	Oxford, UK
ICSCM--Ei, Scopus 2020	2020 International Conference on Supply Chain Management (ICSCM 2020)--Ei Compendex, Scopus	Hosei University, Tokyo, Japan
APIT--EI, Scopus 2020	2020 2nd Asia Pacific Information Technology Conference (APIT 2020)--EI Compendex, Scopus	Bali Island, Indonesia
ACM--APIT--EI Compendex, Scopus 2020	ACM--2020 2nd Asia Pacific Information Technology Conference (APIT 2020)--EI Compendex, Scopus	Bali Island, Indonesia
ESANN 2020	European Symposium on Artificial Neural Networks, Computational Intelligence and Machine Learning	Bruges, Belgium
ICBDSC--ACM, Ei, Scopus 2020	ACM--2020 The 3rd International Conference on Big Data and Smart Computing (ICBDSC 2020)--Ei Compendex, Scopus	Sydney, Australia
PerFoT 2019	2019 International Workshop on Pervasive Flow of Things (Co-located with IEEE PerCom 2019)	Kyoto, Japan
IoTDA 2019	Internet of Things Data Analytics	Los Angeles, USA
ACM--ICCDE--Ei, Scopus 2020	ACM--2020 the 6th International Conference on Computing and Data Engineering (ICCDE 2020)--Ei Compendex, Scopus	Sanya, China
ALLDATA 2020	The Sixth International Conference on Big Data, Small Data, Linked Data and Open Data	Lisbon, Portugal
NOBIDS 2019	5th Norwegian Big Data Symposium	Trondheim, Norway
Hand Book on Big Data Analytics 2020	IET Handbooks on Big Data Analytics	N/A
IoTBB 2019	2019 IEEE International Workshop on IoT Big Data and Blockchain	Los Angeles, USA
BDACCIP 2019	The 3rd International Workshop on Big Data Analytic for Cyber Crime Investigation and Prevention	Los Angeles, USA
UDS 2020	First International Conference on Urban Data Science	Chennai, India
ACM--AICCC--EI Compendex, Scopus 2019	ACM--2019 2nd Artificial Intelligence and Cloud Computing Conference (AICCC 2019)--EI Compendex, Scopus	Kobe University, Japan
BTSD  2019	Workshop on Big Data Tools and Use Cases for Innovative Scientific Discovery (BTSD) 2019 @IEEE BigData 2019 LA, USA	LA, USA
KomIS@ACM-SAC  2019	ACM SAC 2019 - KomIS track: Application of AI and Big Data Analytics 	Limassol, Cyprus
BMD 2019	The 2nd International Workshop on Big Media Dataset Construction, Management and Applications	Los Angeles, CA, USA
BigGraphs 2019	Sixth International Workshop on High Performance Big Graph Data Management, Analysis, and Mining	Los Angeles, CA, USA
LegalAI 2019	The Third Annual Workshop on Applications of Artificial Intelligence in the Legal Industry	Los Angeles, CA
IEEE HMData 2019	Third IEEE Workshop on Human-in-the-loop Methods and Human-Machine Collaboration in Big Data	Los Angeles, CA
BdKCSE 2019	IEEE International Conference Big Data, Knowledge and Control Systems Engineering	Sofia, Bulgaria
BadAce 2019	The First International Workshop on Big Data Against Darknet Crimes (BadAce) 2019	Los Angeles, CA, USA
IEEE Workshop Big Data 2019	IEEE Big Data 2019: Big Data Predictive Maintenance Using Artificial Intelligence	Los Angeles, CA
PEASH 2019	6th Workshop on Performance Engineering with Advances in Software and Hardware for Big Data Sciences (PEASH)	Los Angeles, CA, USA
HPC-BOD 2019	IEEE International Workshop on High-Performance Computing and Analytics for Big Omics Data	San Diego, CA, USA
IEEE BigComp  2020	The 7th IEEE International Conference on Big Data and Smart Computing	Busan, South Korea
BigDataCPS 2019	International Workshop on Big Data Analytics of Cyber-Physical Systems	Alexandria
BDCC 2019	BDCC 2019 - 2nd EAI International Conference on Big Data Innovation for Sustainable Cognitive Computing	Coimbatore, India
BDCSIntell 2019	THE 2ND INTERNATIONAL CONFERENCE ON BIG DATA AND CYBER-SECURITY INTELLIGENCE 	Beirut, Lebanon
SABID 2019	WORKSHOP ON SOLAR & STELLAR  ASTRONOMY BIG DATA	Los Angeles, CA, USA
IWECA 2019	the 15th Intelligent Web Computing and Applications	Sorrento
IEEE SITIS 2019	The 15th IEEE Conference on Signal Image Technology and Internet Based Systems	Sorento
INTIS 2019	8th edition of International Conference on Innovation and New Trends in Information Technology	Tangier-Morocco
BigDataPipelines 2019	International Workshop on Multi-tier Big Data Pipelines from Edge to the Cloud Data Centers @HiPC 2019	Hyderabad, India
BDAAICCIP 2019	Special Issue on Big Data Analytics and Artificial Intelligence for Cyber Crime Investigation and Prevention	N/A
ICSESS 2019	2019 10th IEEE International Conference on Software Engineering and Service Science 	Beijing,China
FL - IEEE BigData 2019	IEEE BigData 2019 - Special Track on Federated Machine Learning	Los Angeles, CA, USA
IGI-BOOK-DIGITHEALTH 2020	Trends in Innovation Management and Digital Transformation in Healthcare	N/A
ICBIB Doctoral Symposium 2019	ICBIB Doctoral Symposium	University of London
ACM--IC5G--EI Compendex, Scopus 2019	ACM--2019 The 3rd International Conference on 5G (IC5G 2019)--EI Compendex, Scopus	Tokyo University of Science, Japan
IEEE SITIS I-MIRA 2019	Intelligent Multimedia Information Retrieval and Applications workshop	Sorrento (NA), Italy
WDEA 2019	SECOND  WORKSHOP ON DATA ENGINEERING AND ANALYTICS	MADRID
BigScholar 2019	CIKM 2019 Workshop on Big Scholarly Data	Beijing, China
IEEE BigComp  2020	The 7th IEEE International Conference on Big Data and Smart Computing	Pusan, South Korea
IEEE BigData 2019	IEEE International Conference on Big Data	Los Angels, CA
IWBIS 2019	The 4th IEEE International Workshop on Big Data and Information Security	Melia Hotel, Nusa Dua, Bali, Indonesia
IEEE BigData 2019	IEEE International Conference on Big Data	Los Angeles, CA
BDSIC--EI Compendex, Scopus 2019	2019 International Conference on Big-data Service and Intelligent Computation (BDSIC 2019)--EI Compendex, Scopus	Wuhan, China
AIOTT--IEEE, Ei, Scopus 2019	IEEE--2019 Asia IoT Technologies Conference (AIOTT 2019)--Ei Compendex, Scopus	Shandong University (Weihai), China
ICBIB 2019	International Conference on Big Data in Business	London, UK
CENet 2019	The 9th International Conference on Computer Engineering and Networks	Changsha,China
MoBiD 2019	8th International Workshop on Modeling and Management of Big Data	Salvador, Bahia, Brazil
CSoNet 2019	The International Conference on Computational Data & Social Networks	Ho Chi Minh City, Vietnam
IWAMA 2019	9th International Workshop of Advanced Manufacturing and Automation	Plymouth, UK
IEEE BigData 2019	 IEEE International Conference on Big Data - 2nd Special Session on HealthCare Data	Los Angeles, CA, USA
BDEE--JA, Scopus 2019	2019 The International Conference on Big Data Engineering and Education (BDEE 2019)--JA, Scopus	Bangkok, Thailand
MARSS 2019	The International Workshop on Marine Sensors and Systems	Granada, Spain
TeCrop 2019	The 1st International Workshop on Technology for Precision Agriculture and Crops	Granada, Spain
IEEE BDSN 2019	 The 7th IEEE International workshop on Big Data and Social Networking Management and Security	Granada, Spain
IEEE ANLP 2019	 The Third IEEE International Workshop on Advances in Natural Language Processing 	Granada, Spain
IDEAL 2019	Intelligent Data Engineering and Automated Learning	Manchester
IEEE DTL 2019	The Second IEEE International Workshop on Deep and Transfer Learning 	Granada, Spain
ABCSS 2019	The 4th International Workshop on Application of Big Data for Computational Social Science	Thessaloniki, Greece
Global AI Congress 2019	Global AI Congress 2019	BOSE INSTITUTE (BASU BIGYAN MANDIR)
IDCS 2019	IDCS2019: The 12th International Conference on Internet and Distributed Computing Systems	University of Naples Parthenope - Villa
DigiBig 2019	Digital Libraries, Information Retrieval, Big, Linked, Social & Open Data - Special Track on 13th International Conference on Metadata and Semantics Research (MTSR2019)	Rome, Italy
EURONAP 2019	European and National Projects: Special Track as part of the 13th International Conference on Metadata and Semantics Research (MTSR 2019) 	Rome, Italy
Bench 2019	2019 International Symposium on Benchmarking, Measuring and Optimizing	Denver, Colorado, USA
SKG 2019	The 15th International Conference on Semantics, Knowledge and Grids On Big Data, AI and Future Interconnection Environment	Guangzhou, China
ICA3PP 2019	International Conference on Algorithms and Architectures for Parallel Processing	Melbourne
EUSPN 2019	The 10th International Conference on Emerging Ubiquitous Systems and Pervasive Networks	Coimbra, Portugal
DSC 5.0 2019	Data Science Conference 5.0	Belgrade, Serbia
DSC 5.0 2019	Data Science Conference 5.0 - Technical Tutorials	Belgrade, Serbia
Big Data & AI 2019	2019 The 7th International Workshop on Big Data & AI	Guilin, China
CyberC 2019	The 11th Int. Conference on Cyber-Enabled Distributed Computing and Knowledge Discovery	Guilin, China
DTW 2019	2019 Data Teaching Workshop – 5th Workshop on Curricula and Teaching Methods in Cloud Computing, Big Data, and Data Science	San Diego
DATA 2019	International Conference on Data Science, E-learning and Information Systems 2019	Dubai, Arab Emirates
SIGSPATIAL 2019	27th ACM SIGSPATIAL International Conference on Advances in Geographic Information Systems (ACM SIGSPATIAL 2018)	Chicago, Illinois, USA
CBD 2019	The Seventh International Conference on Advanced Cloud and Big Data	Suzhou, China
CIMPS 2019	8th International Conference on Software Process Improvement	Leon, Guanajuato, Mexico
SciSec 2019	The 2nd International Conference on Science of Cyber Security (SciSec'2019) 	Nanjing, China
ADHIP  2019	ADHIP 2019 - 3rd EAI International Conference on Advanced Hybrid Information Processing	Nanjing City, Jiangsu Province, People's
COMPNW--BD-IoTFarm 2019	Special Issue on The Big Data Era in IoT-enabled Smart Farming: Re-defining Systems, Tools, and Techniques	N/A
SNMAM 2019	Track on Social Network and Media Analysis and Mining	Lima, Peru
GCCE-OSDSC 2019	GCCE 2019: Organized Session on Data Science and Its Application to Consumer Technology	Osaka, Japan
IMDA 2019	INTELLIGENT METHODS FOR DATA ANALYSIS AND COMPUTER AIDED SOFTWARE ENGINEERING	Vilnius, Lithuania
IEEE SmartIoT 2019	IEEE International Conference on Smart Internet of Things 	Tianjin, China
MADEISD 2019	MADEISD Workshop - ADBIS 2019	Bled, Slovenia
HPEC 2019	The IEEE High Performance Extreme Computing Conference	Boston, MA
BDTA 2019	BDTA 2019 - 10th EAI International Conference on Big Data Technologies and Applications	Beijing, China
SIMBig 2019	6th International Conference on Information Management and Big Data	Lima, Peru
 KDD BigMine 2019	 KDD BigMine-19 - Workshop on Big Data on Streams and Heterogeneous Source Mining	Anchorage, Alaska - USA
IoTBDA CRC press Call for book chapters 2019	The Internet of Things and Big Data Analytics : Integrated Platforms and Industry Use Cases	India
MaxEnt 2019	Workshop on Bayesian Inference and Maximum Entropy Methods in Science and Engineering	Garching/Munich, GERMANY
BDAA 2019	The 6th International Symposium on Big Data Principles, Architectures & Applications	Dublin Ireland
BigDataSE 2019	13th IEEE International Conference on Big Data Science and Engineering	Rotorua, New Zealand
DEEP-ML 2019	The International Conference on Deep Learning and Machine Learning in Emerging Applications	Istanbul, Turkey
SERVICES 2019	IEEE WORLD CONGRESS ON SERVICES 2019	Milan, Italy
IEEE Big Data 2019	IEEE Big Data 2019 Call for Workshop Proposals 	Los Angeles, CA, USA
CCIW 2019	1st Workshop on Converged Computing Infrastructure	Phoenix, Arizona, US
Innovate-Data 2019	The 5th International Conference on Big Data Innovations and Applications  	Istanbul, Turkey
FiCloud  2019	The 7th International Conference on Future Internet of Things and Cloud	Istanbul, Turkey
ACDL 2019	2nd Advanced Course on Data Science & Machine Learning	Certosa di Pontignano, Siena - Tuscany,
CPGIS 2019	The 27th International Conference on Geoinformatics	Sydney, Australia
SpaCCS 2019	The 12th International Conference on Security, Privacy and Anonymity in Computation, Communication and Storage 	Atlanta, USA
ICPP 2019	International Conference on Parallel Processing	Kyoto, Japan
IDEAS-Privacy 2019	IDEAS 2019- Privacy In Age of Information	Athens, Greece
IDEAS-Climate Change 2019	IDEAS 2019- Big Data and Climate Change Impact	Athens, Greece
IDEAS 2019	23rd International Database Engineering & Applications Symposium	Athens, Greece
SocialSec 2019	5th International Symposium on Security and Privacy in Social Networks and Big Data	Copenhagen, Denmark
eLEOT 2019	eLEOT 2019 - 5th EAI International Conference on e-Learning e-Education and Online Training	Kunming, People's Republic of China
IEEE EUC 2019	The 17th IEEE International Conference on Embedded and Ubiquitous Computing 	New York, USA
NMIC 2019	The First International Workshop on Network Meets Intelligent Computations	Dallas, TX, U.S.A
JCC&BD 2019	[Deadline extended] 7th Conference on Cloud Computing & Big Data (proceedings published by Springer CCIS)	La Plata, Argentina
I3E 2019	The 18th IFIP Conference on e-Business, e-Services and e-Society	Trondheim, Norway
ADBIS 2019	23rd European Conference on Advances in Databases and Information Systems	Bled, Slovenia
DMM 2019	Intern. Workshop on Data Mining in Marketing DMM'2019	New York
SmartData 2019	The 5th IEEE International Conference on Smart Data	Atlanta, USA
LASCAR 2019	Workshop on Large Scale RDF Analytics ( papers and posters)	Portorož, Slovenia
IEEE CSCloud 2019	The 6th IEEE International Conference on Cyber Security and Cloud Computing	Paris, France
IWC 2019	IEEE ISI World Cup 2019 -- Big Data Analytics Competition	Shenzhen, China
NEAC@CCGrid 2019	International Workshop on Network-Aware Big Data Computing@CCGrid	Larnaca, Cyprus
Bled: Big Data/Data Science Track  2019	32nd Bled eConference : Humanizing Technology for a Sustainable Society (Big Data/Data Science Track) 	Bled, Slovenia
BIDMA 2019	International Symposium on Big Data Management and Analytics 2019	Calgary, AB, Canada
[Deadline Extended] APWeb-WAIM  2019	The APWeb-WAIM Joint Conference on Web and Big Data	Chengdu, China
INFUS 2019	International Conference on Intelligent and Fuzzy Systems	Istanbul
DSA 2019	The Frontiers in Intelligent Data and Signal Analysis DSA 2019	New York
ATFR 2019	International Workshop on Advance Technologies for First Responders on ISCRAM2019	Valencia - Spain
SDS 2019	Call for Papers / Participation The 6th Swiss Conference on Data Science (IEEE technically co-sponsored)	Bern, Switzerland
DSTAA 2019	Taylor and Francis - DSTAA 2019 : Call for Book Chapters - Data Science: Theory, Analysis, and Applications	N/A
FGCS 2019	Special Issue on Social and Intelligent Applications for Future Cities	N/A
SEiA 2019	Symposium on Software Engineering in Africa	Montréal, Québec, Canada
COMPSAC  2019	COMPSAC 2019: Data Driven Intelligence for a Smarter World	Milwaukee, Wisconsin, USA
BigDataSecurity 2019	The 5th IEEE International Conference on Big Data Security on Cloud 	Washington, DC, USA
IEEE BigDataSecurity 2019	The 5th IEEE International Conference on Big Data Security on Cloud 	Washington DC, USA
IEEE IDS 2019	The 4th IEEE International Conference on Intelligent Data and Security	Washington DC, USA
AI 2019	Artificial Intelligence	Kingston, ON
MDM 2019	20th IEEE International Conference on Mobile Data Management	Hong Kong
KMO 2019	KMO 2019: 14th International Conference On Knowledge Management In Organisations	Zamora
ZEUS 2019	11th ZEUS Workshop	Bayreuth, DE
BDAS 2019	15th (IEEE technically co-sponsored) International Conference Beyond Databases, Architectures and Structures	Ustron near Krakow (Cracow), Poland
BlockDM 2019	The First International Workshop on Blockchain and Data Management (In Conjunction with ICDE 2019)	Macau
BigVis  2019	BigVis 2019 :: 2nd International Workshop on Big Data Visual Exploration and Analytics 	Lisbon, Portugal
ICCMIT 2019	Special Session on Advances in Data Science Theory and Interdisciplinary Applications - 5th International Conference on Communication, Management and Information Technology	Vienna, Austria
ICDM 2019	19th Industrial Conference on Data Mining ICDM 2019	New York
GEIN-SI-URBAN 2019	 GeoInformatica Special Issue on Spatial Computing for Urbanization Research	N/A
IEEE BigDataService 2019	The Fifth IEEE International Conference on Big Data Service and Applications	San Francisco East Bay, California, USA
EDBT 2019	EDBT 2019 - Call for Demos	Lisbon, Portugal
BIDC 2019	Benchmarking in the Data Center	Guangzhou China
EDBT 2019	EDBT 2019 - Call for Short Research Papers & Vision Papers	Lisbon, Portugal
Data SI Semantic Analytics for Big Data 2018	Data Journal Special Issue on Semantics in the Deep: Semantic Analytics for Big Data	N/A
IWBigDataCity 2019	1st International Workshop on Big data, cloud, and IoT technologies for smart cities	Kyoto,Japan
Secu_AgeBigData 2019	Combating Security Challenges in the Age of Big Data	N/A
BDMA-PS 2019	Special issue of Big Data Mining and Analytics on Privacy and Security	N/A
IoT and Big Data 2019	IEEE IoTJ Special Issue on Nature-Inspired Approaches for IoT and Big Data	N/A
ICAIS-CPAFBTD 2019	ICAIS Workshop of Content Protection, Analysis, and Forensics for Big Text Data, EI Compendex	New York
CiDaS 2019	CiDaS 2019, Contemporary Issues in Data Science, The International Conference on	Zanjan, Iran
IoTDA 2018	Internet of Things Data Analytics	Seattle
BDACCIP 2018	The 2nd International Workshop on Big Data Analytic for Cyber Crime Investigation and Prevention	Seattle, USA
IEICE LOIS 2019	IEICE Trans. Special Section on Log Data Usage Technology and Office Information Systems	N/A
SCDM 2018	Scalable Cloud Data Management Workshop 	Seattle
BIGDataHUMSC 2018	Big Data and the Human and Social Sciences	N/A
CyberHunt - 2018	International Workshop on Big Data Analytics for Cyber Threat Hunting	Seattle, WA, USA
BDMIOM 2018	The 1st International Workshop on Big Data for Marketing Intellegence and Operation Management	Seattle, WA
AutoML 2018	The Second International Workshop on Automation in Machine Learning and Big Data	Seattle, WA, USA
DOLAP 2019	Data Warehousing and OLAP	Lisbon
Legal Big Data Analytics 2018	The Second Annual Workshop on Big Data Analytics in the Legal Industry	Seattle, WA, USA
DSBTB 2018	6th International Workshop on Distributed Storage and Blockchain Technologies for Big Data	Seattle, WA, USA
BDCSIntell 2018	1st INTERNATIONAL CONFERENCE ON BIG DATA AND CYBER-SECURITY INTELLIGENCE	Beirut
BigGraphs 2018	International Workshop on High Performance Big Graph Data Management, Analysis, and Mining (BigGraphs)	Seattle, WA
ICBDSDE 2018	International Conference on Big Data and Smart Digital Environment	Morocco
ABCSS 2018	The 3rd International Workshop on Application of Big Data for Computational Social Science	Seattle, WA, USA
SICBS 2018	2nd International Conference on Security with Intelligent Computing and Big-data Services	Guilin, China
ASH 2018	5th Workshop on Advances in Software and Hardware for Big Data Sciences	Seattle, WA
OTC 2018	6th HPI Symposium on Operating the Cloud	Potsdam, Germany
Com-IT-Con 2019	 International Conference on Machine Learning, Big Data, Cloud and Parallel Computing: Trends, Perspectives and Prospects	faridabad, Haryana
CoDS-COMAD YRS 2019	CoDS-COMAD 2019 Young Researchers Symposium	Kolkata, India
Big Data Era 2018	BEYOND TECHNOLOGY: MANAGEMENT CHALLENGES IN THE BIG DATA ERA	Brazil
Springer-Smart Sys. for E-health 2019	Call for book chapters - Springer - Smart Systems for E-health	N/A
NOBIDS 2018	4th Norwegian Big Data Symposium	Trondheim, Norway
5GWN 2019	 The 2nd EAI International Conference on 5G for Future Wireless Networks	Changsha, People's Republic of China
DS-ACM SAC 2019	DATA STREAMS TRACK - ACM SAC 2019	Limassol, Cyprus
LHNA@SITIS 2018	Large, Heterogeneous Networks and their Applications	Las Palmas de Gran Canaria
SPDNS 2019	The Special Session Security in Parallel, Distributed and Network-Based Computing	Pavia, Italy
IMSA 2018	Workshop on Advances in IoT based methods for Smart Water Distribution and Management in Agriculture	Bologna, Italy
PDSW-DISCS 2018	The 3rd Joint International Workshop on Parallel Data Storage and Data Intensive Scalable Computing Systems	Dallas, TX
SC2 2018	The 8th IEEE International Symposium on Cloud and Services Computing	Paris, France
ISPRAS OPEN 2018	IVANNIKOV ISP RAS OPEN CONFERENCE	Leninskiy prospekt, 32A, Moscow, Russia
DTW 2018	2018 Data Teaching Workshop – 5th Workshop on Curricula and Teaching Methods in Cloud Computing, Big Data, and Data Science	Nicosia, Cyprus
UCC 2018	11th IEEE/ACM International Conference on Utility and Cloud Computing	Technopark Zurich, Switzerland
IDAA 2018	International Workshop of Intelligent Data Analytics and Applications (Joint with JSAI International Symposia on AI)	Japan
BDBI 2018	International Workshop on Big Data and Business Intelligence 	Leuven, Belgium
INIS 2018	Fog Computing for Intelligent Systems	N/A
HealthyIoT 2018	5th EAI International Conference on IoT Technologies for HealthCare	Guimarães, Portugal
WORKS 2018	13th Workflows in Support of Large-Scale Science Workshop	Dallas, TX
RAICoM 2018	International Conference on Recent Advances in Intelligent and Connected Mobility 	Coimbra – Portugal
DSEA 2018	The Second International Workshop on Data Science Engineering and its Applications 	Valencia, Spain
BDSN 2018	The 6th International workshop on Big Data and Social Networking Management and Security	Valencia, Spain
WDKE 2018	Second Workshop on Data and Knowledge Engineering	Iquique, Chile
BDCC 2018	EAI International Conference on Big Data Innovation for Sustainable Cognitive Computing	Coimbatore, India
ES 2018	The 6th International Conference on Enterprise Systems	St. Raphael Resort, Limassol, Cyprus
IoTaaS 2018	4th EAI International Conference on IoT as a Service	Xi‘an, People's Republic of China
Data Privacy 2018	CFP - Data, Privacy and the Individual	Madrid
SMCDC 2018	2018 Smoky Mountains Conference Data Challenge.	Gatlinburg, TN
AACR - AI in Cancer 2018	AACR - Artificial Intelligence, Big Data and Prediction in Cancer	Rhode Island
INIS 2018	Intelligent Networks with NFV/SDN and Big Data	N/A
SKG 2018	The 14th International Conference on Semantics, Knowledge and Grids on Big Data, AI and Future Interconnection Environment	Guangzhou, China
ITU-J2- 2018	ITU Journal: ICT Discoveries - Special issue 2 - Data for Good	N/A
CyberC 2018	The 10th International Conference on Cyber-Enabled Distributed Computing and Knowledge Discovery	China
AusDM (Statistics in Data Science) 2018	The 16th Australasian Data Mining Conference (Special Track: Statistics in Data Science)	Bathurst, NSW, Australia
ICT-DM 2018	5TH INTERNATIONAL CONFERENCE ON INFORMATION AND COMMUNICATION TECHNOLOGIES FOR DISASTER MANAGEMENT	Sendai, Japan
ICCBB 2018	2018 International Conference on Cloud Computing, Big Data and Blockchain (ICCBB 2018)	Fuzhou, China
IDEAL  2018	19th International Conference on Intelligent Data Engineering and Automated Learning	Madrid
ICDIM 2018	Thirteenth International Conference on Digital Information Management (ICDIM 2018)	Berlin
SPFC 2018	International Workshop on Security and Privacy in Fog and Cloud Computing (SPFC2-18)	leuven, Belgium
ArtsIT (Ei, ISI, Scopus) 2018	7th EAI International Conference: ArtsIT, Interactivity & Game Creation -- Springer, Ei Compendex, ISI Web of Science, Scopus	Portugal, Braga
BDVA  2018	4th International Symposium on Big Data Visual and Immersive Analytics	Konstanz, Germany
IDCS 2018	The 11th International Conference on Internet and Distributed Computing Systems	Tokyo
Big Data 2018	The 6th International Workshop on Big Data	China
ITME 2018	IEEE 9th International Conference on Information Technology in Medicine and Education	Hangzhou, China
BDBI 2018	International Workshop on Big Data and Business Intelligence (BDBI’2018)	Leuven, Belgium
CF-BD @ CEEC 2018	Special Session on Computational Finance, Economics and Big Data at CEEC 2018	Colchester, UK
ICBDA 2018	International Congress on Big Data & Analytics 2018	Bangkok, Kingdom of Thailand
CEEC 2018	10th Computer Science and Electronic Engineering Conference	Colchester, UK
ICMLB 2018	International Conference on Machine Learning and Big Data 2018	Essex, UK
CloudTech 2018	CloudTech 2018 : The 4th International Conference on Cloud Computing Technologies and Applications	Brussels, Belgium
IEEE ICBK 2018	The 9th IEEE International Conference on Big Knowledge	Singapore
ADMA 2018	Advanced Data Mining and Applications	Nanjing, China
IEEE HiPC 2018	25th IEEE International Conference on High Performance Computing, Data, and Analytics (HiPC 2018)	Bengaluru, India
SI: Cloud-Big Data (SIMPAT) 2018	Special Issue on Modeling and Simulation of Cloud Computing and Big Data, Simulation Modelling Practice and Theory, Elsevier	N/A
BDA 2018	34ème Conférence sur la Gestion de Données – Principes, Technologies et Applications	Bucarest, Romania
GCCE-OS-DSC 2018	IEEE GCCE 2018 Organized Session on Data Science and Its Application to Consumer Technology	Nara, Japan
CIMPS 2018	7th International Conference on Software Process Improvement	http://www.cucei.udg.mx/
ACSAC 2018	Annual Computer Security Applications Conference	San Juan, Puerto Rico, USA
SNMAM 2018	Track on Social Network and Media Analysis and Mining - SIMBig 2018	Lima, Peru
2CBDIoT 2018	International Workshop on Cloud Computing, Big Data and Internet of Things	Porto, Portugal
NLIWoD-4 & QALD-9 2018	4th International Workshop on Natural Language Interfaces for Web of Data (NLIWoD) &  9th Question Answering over Linked Data challenge	Montarey, California
IDCS 2018	The 11th International Conference on Internet and Distributed Computing Systems	Tokyo
CloudComp 2018	8th EAI International Conference on Cloud Computing	Newcastle, UK
EUSPN 2018	Call for Workshop Proposals – Emerging Ubiquitous Systems and Pervasive Networks 2018	Belgium
